{
  "artifact": "sanitized_public_summary",
  "source_zip": "IntuiShell_Verified_Proof_20260215_203634.zip",
  "included": [
    "artifact_Proof_20260215_203634.json",
    "post_snapshot_Proof_20260215_203634.json",
    "pre_snapshot_Proof_20260215_203634.json",
    "transcript_Proof_20260215_203634.txt"
  ],
  "excluded": [
    "signature_Proof_20260215_203634.json"
  ],
  "created_at": "2026-02-16T02:34:34.723926Z",
  "guidance": "This package is suitable for public posting on GitHub. For deeper technical verification, contact the owner for NDA access."
}