﻿{
    "RunId":  "Proof_20260215_203634",
    "TimestampUtc":  "2026-02-16T01:36:34.5736816Z",
    "Nonce":  "<REDACTED_HEX>",
    "Mode":  "Audit",
    "Target":  "\u003cREDACTED\u003e",
    "Authority":  {
                      "Allowed":  true,
                      "Reason":  "Allowed"
                  },
    "Snapshots":  {
                      "Pre":  {
                                  "FileCount":  5,
                                  "Files":  [
                                                {
                                                    "RelPath":  "old_file.txt",
                                                    "Length":  36,
                                                    "LastWriteTimeUtc":  "2026-02-16T00:26:24.3444824Z",
                                                    "SHA256":  "<REDACTED_HEX>"
                                                },
                                                {
                                                    "RelPath":  <REDACTED_FILENAME>",
                                                    "Length":  37,
                                                    "LastWriteTimeUtc":  "2026-02-16T00:26:24.3429566Z",
                                                    "SHA256":  "<REDACTED_HEX>"
                                                },
                                                {
                                                    "RelPath":  "README.txt",
                                                    "Length":  64,
                                                    "LastWriteTimeUtc":  "2026-02-16T00:26:24.3419477Z",
                                                    "SHA256":  "<REDACTED_HEX>"
                                                },
                                                {
                                                    "RelPath":  "VALIDATION_REPAIR_MARKER.txt",
                                                    "Length":  57,
                                                    "LastWriteTimeUtc":  "2026-02-16T00:33:12.3542027Z",
                                                    "SHA256":  "<REDACTED_HEX>"
                                                },
                                                {
                                                    "RelPath":  "lib\\main.dart",
                                                    "Length":  38,
                                                    "LastWriteTimeUtc":  "2026-02-16T00:26:24.3434698Z",
                                                    "SHA256":  "<REDACTED_HEX>"
                                                }
                                            ]
                              },
                      "Post":  {
                                   "FileCount":  5,
                                   "Files":  [
                                                 {
                                                     "RelPath":  "old_file.txt",
                                                     "Length":  36,
                                                     "LastWriteTimeUtc":  "2026-02-16T00:26:24.3444824Z",
                                                     "SHA256":  "<REDACTED_HEX>"
                                                 },
                                                 {
                                                     "RelPath":  <REDACTED_FILENAME>",
                                                     "Length":  37,
                                                     "LastWriteTimeUtc":  "2026-02-16T00:26:24.3429566Z",
                                                     "SHA256":  "<REDACTED_HEX>"
                                                 },
                                                 {
                                                     "RelPath":  "README.txt",
                                                     "Length":  64,
                                                     "LastWriteTimeUtc":  "2026-02-16T00:26:24.3419477Z",
                                                     "SHA256":  "<REDACTED_HEX>"
                                                 },
                                                 {
                                                     "RelPath":  "VALIDATION_REPAIR_MARKER.txt",
                                                     "Length":  57,
                                                     "LastWriteTimeUtc":  "2026-02-16T00:33:12.3542027Z",
                                                     "SHA256":  "<REDACTED_HEX>"
                                                 },
                                                 {
                                                     "RelPath":  "lib\\main.dart",
                                                     "Length":  38,
                                                     "LastWriteTimeUtc":  "2026-02-16T00:26:24.3434698Z",
                                                     "SHA256":  "<REDACTED_HEX>"
                                                 }
                                             ]
                               }
                  },
    "Execution":  {
                      "ActionInvoked":  "HarnessPlaceholderAudit",
                      "ExitCode":  0,
                      "Notes":  "Missing: android, ios"
                  },
    "Delta":  {
                  "Added":  [

                            ],
                  "Removed":  [

                              ]
              }
}
